zip_code,state
38601,MS
38603,MS
38606,MS
38609,MS
38610,MS
38611,MS
38614,MS
38617,MS
38618,MS
38619,MS
38620,MS
38621,MS
38625,MS
38626,MS
38627,MS
38628,MS
38629,MS
38632,MS
38633,MS
38635,MS
38637,MS
38641,MS
38642,MS
38643,MS
38645,MS
38646,MS
38647,MS
38650,MS
38651,MS
38652,MS
38654,MS
38655,MS
38658,MS
38659,MS
38661,MS
38663,MS
38664,MS
38665,MS
38666,MS
38668,MS
38670,MS
38671,MS
38672,MS
38673,MS
38674,MS
38675,MS
38676,MS
38680,MS
38683,MS
38685,MS
38701,MS
38703,MS
38720,MS
38721,MS
38725,MS
38726,MS
38730,MS
38731,MS
38732,MS
38733,MS
38736,MS
38737,MS
38740,MS
38744,MS
38746,MS
38748,MS
38751,MS
38753,MS
38754,MS
38756,MS
38759,MS
38761,MS
38762,MS
38769,MS
38771,MS
38773,MS
38774,MS
38778,MS
38801,MS
38804,MS
38821,MS
38824,MS
38826,MS
38827,MS
38828,MS
38829,MS
38833,MS
38834,MS
38838,MS
38841,MS
38843,MS
38844,MS
38846,MS
38847,MS
38848,MS
38849,MS
38850,MS
38851,MS
38852,MS
38855,MS
38856,MS
38857,MS
38858,MS
38859,MS
38860,MS
38862,MS
38863,MS
38864,MS
38865,MS
38866,MS
38868,MS
38870,MS
38871,MS
38873,MS
38876,MS
38878,MS
38901,MS
38913,MS
38914,MS
38915,MS
38916,MS
38917,MS
38920,MS
38921,MS
38922,MS
38923,MS
38924,MS
38925,MS
38927,MS
38928,MS
38929,MS
38930,MS
38940,MS
38941,MS
38943,MS
38944,MS
38948,MS
38949,MS
38950,MS
38951,MS
38952,MS
38953,MS
38954,MS
38961,MS
38963,MS
38964,MS
38965,MS
38966,MS
38967,MS
39038,MS
39039,MS
39040,MS
39041,MS
39042,MS
39044,MS
39045,MS
39046,MS
39047,MS
39051,MS
39054,MS
39056,MS
39057,MS
39059,MS
39063,MS
39066,MS
39067,MS
39069,MS
39071,MS
39073,MS
39074,MS
39078,MS
39079,MS
39082,MS
39083,MS
39086,MS
39088,MS
39090,MS
39092,MS
39094,MS
39095,MS
39096,MS
39097,MS
39108,MS
39110,MS
39111,MS
39114,MS
39116,MS
39117,MS
39119,MS
39120,MS
39140,MS
39144,MS
39145,MS
39146,MS
39149,MS
39150,MS
39152,MS
39153,MS
39154,MS
39156,MS
39157,MS
39159,MS
39160,MS
39162,MS
39166,MS
39168,MS
39169,MS
39170,MS
39173,MS
39175,MS
39176,MS
39179,MS
39180,MS
39183,MS
39189,MS
39191,MS
39192,MS
39194,MS
39201,MS
39202,MS
39203,MS
39204,MS
39206,MS
39208,MS
39209,MS
39211,MS
39212,MS
39213,MS
39216,MS
39218,MS
39232,MS
39269,MS
39272,MS
39301,MS
39305,MS
39307,MS
39320,MS
39322,MS
39323,MS
39325,MS
39326,MS
39327,MS
39328,MS
39330,MS
39332,MS
39335,MS
39336,MS
39337,MS
39338,MS
39339,MS
39341,MS
39342,MS
39345,MS
39346,MS
39347,MS
39348,MS
39350,MS
39352,MS
39354,MS
39355,MS
39356,MS
39358,MS
39360,MS
39361,MS
39362,MS
39363,MS
39364,MS
39365,MS
39366,MS
39367,MS
39401,MS
39402,MS
39421,MS
39422,MS
39423,MS
39425,MS
39426,MS
39427,MS
39428,MS
39429,MS
39437,MS
39439,MS
39440,MS
39443,MS
39451,MS
39452,MS
39455,MS
39456,MS
39459,MS
39461,MS
39462,MS
39464,MS
39465,MS
39466,MS
39470,MS
39474,MS
39475,MS
39476,MS
39478,MS
39479,MS
39480,MS
39481,MS
39482,MS
39483,MS
39501,MS
39503,MS
39507,MS
39520,MS
39525,MS
39530,MS
39531,MS
39532,MS
39540,MS
39553,MS
39556,MS
39560,MS
39561,MS
39562,MS
39563,MS
39564,MS
39565,MS
39567,MS
39571,MS
39572,MS
39573,MS
39574,MS
39576,MS
39577,MS
39581,MS
39601,MS
39629,MS
39630,MS
39631,MS
39633,MS
39638,MS
39641,MS
39643,MS
39645,MS
39647,MS
39648,MS
39652,MS
39653,MS
39654,MS
39656,MS
39657,MS
39661,MS
39662,MS
39663,MS
39664,MS
39665,MS
39666,MS
39667,MS
39668,MS
39669,MS
39701,MS
39702,MS
39705,MS
39730,MS
39735,MS
39737,MS
39739,MS
39740,MS
39741,MS
39743,MS
39744,MS
39745,MS
39746,MS
39747,MS
39750,MS
39751,MS
39752,MS
39755,MS
39756,MS
39759,MS
39766,MS
39767,MS
39769,MS
39771,MS
39772,MS
39773,MS
39776,MS
35004,AL
35005,AL
35006,AL
35007,AL
35010,AL
35014,AL
35016,AL
35019,AL
35020,AL
35022,AL
35023,AL
35031,AL
35033,AL
35034,AL
35035,AL
35040,AL
35042,AL
35043,AL
35044,AL
35045,AL
35046,AL
35049,AL
35051,AL
35053,AL
35054,AL
35055,AL
35057,AL
35058,AL
35061,AL
35062,AL
35063,AL
35064,AL
35068,AL
35071,AL
35072,AL
35073,AL
35077,AL
35078,AL
35079,AL
35080,AL
35083,AL
35085,AL
35087,AL
35089,AL
35091,AL
35094,AL
35096,AL
35097,AL
35098,AL
35111,AL
35114,AL
35115,AL
35116,AL
35117,AL
35118,AL
35120,AL
35121,AL
35124,AL
35125,AL
35126,AL
35127,AL
35128,AL
35130,AL
35131,AL
35133,AL
35135,AL
35136,AL
35143,AL
35146,AL
35147,AL
35148,AL
35150,AL
35151,AL
35160,AL
35171,AL
35172,AL
35173,AL
35175,AL
35176,AL
35178,AL
35179,AL
35180,AL
35183,AL
35184,AL
35186,AL
35188,AL
35203,AL
35204,AL
35205,AL
35206,AL
35207,AL
35208,AL
35209,AL
35210,AL
35211,AL
35212,AL
35213,AL
35214,AL
35215,AL
35216,AL
35217,AL
35218,AL
35221,AL
35222,AL
35223,AL
35224,AL
35226,AL
35228,AL
35233,AL
35234,AL
35235,AL
35242,AL
35243,AL
35244,AL
35401,AL
35404,AL
35405,AL
35406,AL
35441,AL
35442,AL
35443,AL
35444,AL
35446,AL
35447,AL
35452,AL
35453,AL
35456,AL
35457,AL
35458,AL
35459,AL
35460,AL
35461,AL
35462,AL
35463,AL
35464,AL
35466,AL
35469,AL
35470,AL
35473,AL
35474,AL
35475,AL
35476,AL
35480,AL
35481,AL
35490,AL
35501,AL
35503,AL
35504,AL
35540,AL
35541,AL
35542,AL
35543,AL
35544,AL
35546,AL
35548,AL
35549,AL
35550,AL
35552,AL
35553,AL
35554,AL
35555,AL
35563,AL
35564,AL
35565,AL
35570,AL
35571,AL
35572,AL
35574,AL
35575,AL
35576,AL
35578,AL
35579,AL
35580,AL
35581,AL
35582,AL
35585,AL
35586,AL
35587,AL
35592,AL
35593,AL
35594,AL
35601,AL
35603,AL
35610,AL
35611,AL
35613,AL
35614,AL
35616,AL
35618,AL
35619,AL
35620,AL
35621,AL
35622,AL
35630,AL
35633,AL
35634,AL
35640,AL
35643,AL
35645,AL
35646,AL
35647,AL
35648,AL
35650,AL
35651,AL
35652,AL
35653,AL
35654,AL
35660,AL
35661,AL
35670,AL
35671,AL
35672,AL
35673,AL
35674,AL
35677,AL
35739,AL
35740,AL
35741,AL
35744,AL
35745,AL
35746,AL
35747,AL
35748,AL
35749,AL
35750,AL
35751,AL
35752,AL
35754,AL
35755,AL
35756,AL
35757,AL
35758,AL
35759,AL
35760,AL
35761,AL
35763,AL
35764,AL
35765,AL
35766,AL
35768,AL
35769,AL
35771,AL
35772,AL
35773,AL
35774,AL
35775,AL
35776,AL
35801,AL
35802,AL
35803,AL
35805,AL
35806,AL
35808,AL
35810,AL
35811,AL
35813,AL
35816,AL
35824,AL
35901,AL
35903,AL
35904,AL
35905,AL
35906,AL
35907,AL
35950,AL
35951,AL
35952,AL
35953,AL
35954,AL
35956,AL
35957,AL
35958,AL
35959,AL
35960,AL
35961,AL
35962,AL
35963,AL
35966,AL
35967,AL
35968,AL
35971,AL
35972,AL
35973,AL
35974,AL
35975,AL
35976,AL
35978,AL
35979,AL
35980,AL
35981,AL
35983,AL
35984,AL
35986,AL
35987,AL
35988,AL
35989,AL
36003,AL
36005,AL
36006,AL
36009,AL
36010,AL
36013,AL
36016,AL
36017,AL
36020,AL
36022,AL
36024,AL
36025,AL
36026,AL
36027,AL
36028,AL
36029,AL
36030,AL
36032,AL
36033,AL
36034,AL
36035,AL
36036,AL
36037,AL
36039,AL
36040,AL
36041,AL
36042,AL
36043,AL
36046,AL
36047,AL
36048,AL
36049,AL
36051,AL
36052,AL
36053,AL
36054,AL
36064,AL
36066,AL
36067,AL
36069,AL
36071,AL
36075,AL
36078,AL
36079,AL
36080,AL
36081,AL
36083,AL
36088,AL
36089,AL
36091,AL
36092,AL
36093,AL
36104,AL
36105,AL
36106,AL
36107,AL
36108,AL
36109,AL
36110,AL
36111,AL
36112,AL
36113,AL
36114,AL
36115,AL
36116,AL
36117,AL
36119,AL
36201,AL
36203,AL
36205,AL
36206,AL
36207,AL
36250,AL
36251,AL
36255,AL
36256,AL
36258,AL
36260,AL
36262,AL
36263,AL
36264,AL
36265,AL
36266,AL
36268,AL
36269,AL
36271,AL
36272,AL
36273,AL
36274,AL
36276,AL
36277,AL
36278,AL
36279,AL
36280,AL
36301,AL
36303,AL
36305,AL
36310,AL
36311,AL
36312,AL
36314,AL
36316,AL
36317,AL
36318,AL
36319,AL
36320,AL
36321,AL
36322,AL
36323,AL
36330,AL
36340,AL
36343,AL
36344,AL
36345,AL
36346,AL
36350,AL
36351,AL
36352,AL
36353,AL
36360,AL
36362,AL
36370,AL
36373,AL
36374,AL
36375,AL
36376,AL
36401,AL
36420,AL
36421,AL
36425,AL
36426,AL
36432,AL
36435,AL
36436,AL
36441,AL
36442,AL
36444,AL
36445,AL
36451,AL
36453,AL
36454,AL
36456,AL
36460,AL
36467,AL
36471,AL
36473,AL
36474,AL
36475,AL
36477,AL
36480,AL
36481,AL
36482,AL
36483,AL
36501,AL
36502,AL
36505,AL
36507,AL
36509,AL
36511,AL
36515,AL
36518,AL
36521,AL
36522,AL
36523,AL
36524,AL
36525,AL
36526,AL
36527,AL
36528,AL
36529,AL
36530,AL
36532,AL
36535,AL
36538,AL
36539,AL
36540,AL
36541,AL
36542,AL
36544,AL
36545,AL
36548,AL
36549,AL
36550,AL
36551,AL
36553,AL
36555,AL
36558,AL
36560,AL
36561,AL
36562,AL
36567,AL
36569,AL
36571,AL
36572,AL
36574,AL
36575,AL
36576,AL
36578,AL
36579,AL
36580,AL
36582,AL
36583,AL
36584,AL
36585,AL
36587,AL
36602,AL
36603,AL
36604,AL
36605,AL
36606,AL
36607,AL
36608,AL
36609,AL
36610,AL
36611,AL
36612,AL
36613,AL
36615,AL
36617,AL
36618,AL
36619,AL
36693,AL
36695,AL
36701,AL
36703,AL
36720,AL
36721,AL
36722,AL
36726,AL
36727,AL
36728,AL
36732,AL
36736,AL
36738,AL
36740,AL
36742,AL
36744,AL
36748,AL
36749,AL
36750,AL
36751,AL
36752,AL
36754,AL
36756,AL
36758,AL
36759,AL
36761,AL
36762,AL
36765,AL
36767,AL
36768,AL
36769,AL
36773,AL
36775,AL
36776,AL
36782,AL
36783,AL
36784,AL
36785,AL
36786,AL
36790,AL
36792,AL
36793,AL
36801,AL
36804,AL
36830,AL
36832,AL
36850,AL
36852,AL
36853,AL
36854,AL
36855,AL
36856,AL
36858,AL
36860,AL
36861,AL
36862,AL
36863,AL
36866,AL
36867,AL
36869,AL
36870,AL
36871,AL
36874,AL
36875,AL
36877,AL
36879,AL
36904,AL
36907,AL
36908,AL
36910,AL
36912,AL
36913,AL
36915,AL
36916,AL
36919,AL
36921,AL
36922,AL
36925,AL
70001,LA
70002,LA
70003,LA
70005,LA
70006,LA
70030,LA
70031,LA
70032,LA
70036,LA
70037,LA
70039,LA
70040,LA
70041,LA
70043,LA
70047,LA
70049,LA
70051,LA
70052,LA
70053,LA
70056,LA
70057,LA
70058,LA
70062,LA
70065,LA
70067,LA
70068,LA
70070,LA
70071,LA
70072,LA
70075,LA
70076,LA
70079,LA
70080,LA
70083,LA
70084,LA
70085,LA
70086,LA
70087,LA
70090,LA
70091,LA
70092,LA
70093,LA
70094,LA
70112,LA
70113,LA
70114,LA
70115,LA
70116,LA
70117,LA
70118,LA
70119,LA
70121,LA
70122,LA
70123,LA
70124,LA
70125,LA
70126,LA
70127,LA
70128,LA
70129,LA
70130,LA
70131,LA
70139,LA
70140,LA
70145,LA
70146,LA
70149,LA
70163,LA
70170,LA
70301,LA
70339,LA
70341,LA
70342,LA
70343,LA
70344,LA
70345,LA
70346,LA
70352,LA
70353,LA
70354,LA
70355,LA
70356,LA
70357,LA
70358,LA
70359,LA
70360,LA
70363,LA
70364,LA
70372,LA
70373,LA
70374,LA
70375,LA
70377,LA
70380,LA
70390,LA
70392,LA
70393,LA
70394,LA
70395,LA
70397,LA
70401,LA
70403,LA
70420,LA
70421,LA
70422,LA
70426,LA
70427,LA
70431,LA
70433,LA
70435,LA
70436,LA
70437,LA
70438,LA
70441,LA
70442,LA
70443,LA
70444,LA
70445,LA
70446,LA
70447,LA
70448,LA
70449,LA
70450,LA
70452,LA
70453,LA
70454,LA
70455,LA
70456,LA
70458,LA
70460,LA
70461,LA
70462,LA
70466,LA
70471,LA
70500,LA
70501,LA
70503,LA
70506,LA
70507,LA
70508,LA
70510,LA
70512,LA
70514,LA
70515,LA
70516,LA
70517,LA
70518,LA
70520,LA
70525,LA
70526,LA
70528,LA
70529,LA
70531,LA
70532,LA
70533,LA
70535,LA
70537,LA
70538,LA
70542,LA
70543,LA
70544,LA
70546,LA
70548,LA
70549,LA
70552,LA
70554,LA
70555,LA
70559,LA
70560,LA
70563,LA
70570,LA
70577,LA
70578,LA
70581,LA
70582,LA
70583,LA
70584,LA
70586,LA
70589,LA
70591,LA
70592,LA
70601,LA
70605,LA
70607,LA
70611,LA
70615,LA
70629,LA
70630,LA
70631,LA
70632,LA
70633,LA
70634,LA
70637,LA
70639,LA
70643,LA
70645,LA
70647,LA
70648,LA
70652,LA
70653,LA
70654,LA
70655,LA
70656,LA
70657,LA
70658,LA
70660,LA
70661,LA
70662,LA
70663,LA
70665,LA
70668,LA
70669,LA
70706,LA
70710,LA
70711,LA
70714,LA
70715,LA
70719,LA
70721,LA
70722,LA
70723,LA
70725,LA
70726,LA
70729,LA
70730,LA
70732,LA
70733,LA
70734,LA
70736,LA
70737,LA
70739,LA
70740,LA
70744,LA
70748,LA
70749,LA
70750,LA
70752,LA
70753,LA
70754,LA
70755,LA
70756,LA
70757,LA
70759,LA
70760,LA
70761,LA
70762,LA
70763,LA
70764,LA
70767,LA
70769,LA
70770,LA
70772,LA
70773,LA
70774,LA
70775,LA
70776,LA
70777,LA
70778,LA
70780,LA
70783,LA
70785,LA
70788,LA
70789,LA
70791,LA
70801,LA
70802,LA
70805,LA
70806,LA
70807,LA
70808,LA
70809,LA
70810,LA
70811,LA
70812,LA
70814,LA
70815,LA
70816,LA
70817,LA
70818,LA
70819,LA
70820,LA
70825,LA
70827,LA
70836,LA
71001,LA
71002,LA
71003,LA
71004,LA
71006,LA
71007,LA
71008,LA
71016,LA
71018,LA
71019,LA
71023,LA
71024,LA
71027,LA
71028,LA
71029,LA
71030,LA
71031,LA
71032,LA
71033,LA
71034,LA
71037,LA
71038,LA
71039,LA
71040,LA
71043,LA
71044,LA
71045,LA
71046,LA
71047,LA
71048,LA
71049,LA
71051,LA
71052,LA
71055,LA
71060,LA
71061,LA
71063,LA
71064,LA
71065,LA
71067,LA
71068,LA
71069,LA
71070,LA
71071,LA
71072,LA
71073,LA
71075,LA
71078,LA
71079,LA
71082,LA
71101,LA
71103,LA
71104,LA
71105,LA
71106,LA
71107,LA
71108,LA
71109,LA
71110,LA
71111,LA
71112,LA
71115,LA
71118,LA
71119,LA
71129,LA
71201,LA
71202,LA
71203,LA
71219,LA
71220,LA
71222,LA
71223,LA
71225,LA
71226,LA
71227,LA
71229,LA
71232,LA
71234,LA
71235,LA
71237,LA
71238,LA
71241,LA
71243,LA
71245,LA
71250,LA
71251,LA
71254,LA
71256,LA
71259,LA
71260,LA
71261,LA
71263,LA
71264,LA
71266,LA
71268,LA
71269,LA
71270,LA
71275,LA
71276,LA
71277,LA
71280,LA
71282,LA
71286,LA
71291,LA
71292,LA
71295,LA
71301,LA
71302,LA
71303,LA
71316,LA
71322,LA
71323,LA
71325,LA
71326,LA
71327,LA
71328,LA
71331,LA
71333,LA
71334,LA
71336,LA
71340,LA
71341,LA
71342,LA
71343,LA
71346,LA
71350,LA
71351,LA
71353,LA
71354,LA
71355,LA
71356,LA
71357,LA
71358,LA
71360,LA
71362,LA
71366,LA
71367,LA
71368,LA
71369,LA
71371,LA
71373,LA
71375,LA
71378,LA
71401,LA
71403,LA
71404,LA
71405,LA
71406,LA
71407,LA
71409,LA
71411,LA
71416,LA
71417,LA
71418,LA
71419,LA
71422,LA
71423,LA
71424,LA
71425,LA
71427,LA
71429,LA
71430,LA
71432,LA
71433,LA
71435,LA
71438,LA
71439,LA
71441,LA
71443,LA
71446,LA
71447,LA
71449,LA
71450,LA
71452,LA
71454,LA
71455,LA
71456,LA
71457,LA
71459,LA
71461,LA
71462,LA
71463,LA
71465,LA
71466,LA
71467,LA
71468,LA
71469,LA
71472,LA
71473,LA
71479,LA
71483,LA
71485,LA
71486,LA
71601,AR
71602,AR
71603,AR
71631,AR
71635,AR
71638,AR
71639,AR
71640,AR
71642,AR
71643,AR
71644,AR
71646,AR
71647,AR
71651,AR
71652,AR
71653,AR
71654,AR
71655,AR
71658,AR
71660,AR
71661,AR
71662,AR
71663,AR
71665,AR
71667,AR
71670,AR
71671,AR
71674,AR
71675,AR
71676,AR
71701,AR
71720,AR
71722,AR
71725,AR
71726,AR
71730,AR
71740,AR
71742,AR
71743,AR
71744,AR
71747,AR
71749,AR
71751,AR
71752,AR
71753,AR
71758,AR
71762,AR
71763,AR
71764,AR
71765,AR
71766,AR
71768,AR
71770,AR
71801,AR
71822,AR
71825,AR
71826,AR
71827,AR
71831,AR
71832,AR
71833,AR
71834,AR
71835,AR
71836,AR
71837,AR
71838,AR
71839,AR
71841,AR
71842,AR
71845,AR
71846,AR
71847,AR
71851,AR
71852,AR
71853,AR
71854,AR
71855,AR
71857,AR
71858,AR
71859,AR
71860,AR
71861,AR
71862,AR
71866,AR
71901,AR
71909,AR
71913,AR
71920,AR
71921,AR
71923,AR
71929,AR
71933,AR
71935,AR
71937,AR
71940,AR
71941,AR
71943,AR
71944,AR
71945,AR
71949,AR
71950,AR
71951,AR
71952,AR
71953,AR
71956,AR
71957,AR
71958,AR
71959,AR
71960,AR
71961,AR
71962,AR
71964,AR
71965,AR
71968,AR
71969,AR
71970,AR
71971,AR
71972,AR
71973,AR
72001,AR
72002,AR
72003,AR
72004,AR
72005,AR
72006,AR
72007,AR
72010,AR
72011,AR
72012,AR
72013,AR
72015,AR
72016,AR
72017,AR
72019,AR
72020,AR
72021,AR
72022,AR
72023,AR
72024,AR
72025,AR
72026,AR
72027,AR
72029,AR
72030,AR
72031,AR
72032,AR
72034,AR
72036,AR
72038,AR
72039,AR
72040,AR
72041,AR
72042,AR
72044,AR
72045,AR
72046,AR
72047,AR
72048,AR
72051,AR
72055,AR
72057,AR
72058,AR
72060,AR
72061,AR
72063,AR
72064,AR
72065,AR
72067,AR
72068,AR
72069,AR
72070,AR
72072,AR
72073,AR
72076,AR
72079,AR
72080,AR
72081,AR
72082,AR
72084,AR
72086,AR
72087,AR
72088,AR
72101,AR
72102,AR
72103,AR
72104,AR
72106,AR
72110,AR
72111,AR
72112,AR
72113,AR
72114,AR
72116,AR
72117,AR
72118,AR
72120,AR
72121,AR
72122,AR
72125,AR
72126,AR
72127,AR
72128,AR
72129,AR
72130,AR
72131,AR
72132,AR
72134,AR
72135,AR
72136,AR
72137,AR
72140,AR
72141,AR
72142,AR
72143,AR
72150,AR
72152,AR
72153,AR
72156,AR
72157,AR
72160,AR
72165,AR
72166,AR
72167,AR
72168,AR
72173,AR
72175,AR
72176,AR
72179,AR
72181,AR
72198,AR
72201,AR
72202,AR
72204,AR
72205,AR
72206,AR
72207,AR
72209,AR
72210,AR
72211,AR
72212,AR
72223,AR
72227,AR
72301,AR
72315,AR
72320,AR
72324,AR
72326,AR
72327,AR
72330,AR
72331,AR
72333,AR
72335,AR
72338,AR
72342,AR
72346,AR
72347,AR
72348,AR
72350,AR
72354,AR
72355,AR
72358,AR
72360,AR
72364,AR
72365,AR
72366,AR
72368,AR
72370,AR
72372,AR
72373,AR
72374,AR
72376,AR
72384,AR
72386,AR
72390,AR
72392,AR
72394,AR
72395,AR
72396,AR
72401,AR
72404,AR
72410,AR
72411,AR
72412,AR
72413,AR
72414,AR
72415,AR
72416,AR
72417,AR
72419,AR
72421,AR
72422,AR
72425,AR
72428,AR
72429,AR
72430,AR
72432,AR
72433,AR
72434,AR
72435,AR
72436,AR
72437,AR
72438,AR
72439,AR
72440,AR
72442,AR
72443,AR
72444,AR
72447,AR
72450,AR
72453,AR
72454,AR
72455,AR
72456,AR
72458,AR
72459,AR
72460,AR
72461,AR
72466,AR
72469,AR
72470,AR
72471,AR
72472,AR
72473,AR
72476,AR
72478,AR
72479,AR
72482,AR
72501,AR
72512,AR
72513,AR
72515,AR
72517,AR
72519,AR
72520,AR
72521,AR
72522,AR
72523,AR
72524,AR
72527,AR
72528,AR
72529,AR
72530,AR
72531,AR
72532,AR
72533,AR
72534,AR
72536,AR
72537,AR
72538,AR
72539,AR
72540,AR
72542,AR
72543,AR
72544,AR
72546,AR
72550,AR
72554,AR
72555,AR
72556,AR
72560,AR
72561,AR
72562,AR
72564,AR
72565,AR
72566,AR
72567,AR
72568,AR
72569,AR
72571,AR
72572,AR
72573,AR
72576,AR
72577,AR
72578,AR
72579,AR
72581,AR
72583,AR
72584,AR
72585,AR
72587,AR
72601,AR
72611,AR
72616,AR
72617,AR
72619,AR
72623,AR
72624,AR
72626,AR
72628,AR
72629,AR
72631,AR
72632,AR
72633,AR
72634,AR
72635,AR
72638,AR
72639,AR
72640,AR
72641,AR
72642,AR
72644,AR
72645,AR
72648,AR
72650,AR
72651,AR
72653,AR
72655,AR
72657,AR
72658,AR
72659,AR
72660,AR
72661,AR
72662,AR
72663,AR
72666,AR
72668,AR
72670,AR
72675,AR
72679,AR
72680,AR
72682,AR
72683,AR
72685,AR
72686,AR
72687,AR
72701,AR
72703,AR
72704,AR
72712,AR
72714,AR
72715,AR
72717,AR
72718,AR
72719,AR
72721,AR
72722,AR
72727,AR
72729,AR
72730,AR
72732,AR
72734,AR
72736,AR
72738,AR
72739,AR
72740,AR
72742,AR
72744,AR
72745,AR
72747,AR
72749,AR
72751,AR
72752,AR
72753,AR
72756,AR
72758,AR
72760,AR
72761,AR
72762,AR
72764,AR
72768,AR
72769,AR
72773,AR
72774,AR
72776,AR
72801,AR
72802,AR
72821,AR
72823,AR
72824,AR
72827,AR
72828,AR
72830,AR
72832,AR
72833,AR
72834,AR
72835,AR
72837,AR
72838,AR
72839,AR
72840,AR
72841,AR
72842,AR
72843,AR
72845,AR
72846,AR
72847,AR
72851,AR
72852,AR
72853,AR
72854,AR
72855,AR
72856,AR
72857,AR
72858,AR
72860,AR
72863,AR
72865,AR
72901,AR
72903,AR
72904,AR
72908,AR
72916,AR
72921,AR
72923,AR
72926,AR
72927,AR
72928,AR
72930,AR
72932,AR
72933,AR
72934,AR
72936,AR
72937,AR
72938,AR
72940,AR
72941,AR
72943,AR
72944,AR
72946,AR
72947,AR
72948,AR
72949,AR
72950,AR
72951,AR
72952,AR
72955,AR
72956,AR
72958,AR
72959,AR
30002,GA
30004,GA
30005,GA
30008,GA
30009,GA
30011,GA
30012,GA
30013,GA
30014,GA
30016,GA
30017,GA
30019,GA
30021,GA
30022,GA
30024,GA
30025,GA
30028,GA
30030,GA
30032,GA
30033,GA
30034,GA
30035,GA
30038,GA
30039,GA
30040,GA
30041,GA
30043,GA
30044,GA
30045,GA
30046,GA
30047,GA
30052,GA
30054,GA
30055,GA
30056,GA
30058,GA
30060,GA
30062,GA
30064,GA
30066,GA
30067,GA
30068,GA
30071,GA
30073,GA
30075,GA
30076,GA
30078,GA
30079,GA
30080,GA
30082,GA
30083,GA
30084,GA
30087,GA
30088,GA
30090,GA
30092,GA
30093,GA
30094,GA
30096,GA
30097,GA
30101,GA
30102,GA
30103,GA
30104,GA
30105,GA
30106,GA
30107,GA
30108,GA
30110,GA
30113,GA
30114,GA
30115,GA
30116,GA
30117,GA
30120,GA
30121,GA
30122,GA
30124,GA
30125,GA
30126,GA
30127,GA
30132,GA
30134,GA
30135,GA
30137,GA
30139,GA
30141,GA
30143,GA
30144,GA
30145,GA
30147,GA
30148,GA
30152,GA
30153,GA
30157,GA
30161,GA
30165,GA
30168,GA
30170,GA
30171,GA
30173,GA
30175,GA
30176,GA
30177,GA
30178,GA
30179,GA
30180,GA
30182,GA
30183,GA
30184,GA
30185,GA
30187,GA
30188,GA
30189,GA
30204,GA
30205,GA
30206,GA
30213,GA
30214,GA
30215,GA
30216,GA
30217,GA
30218,GA
30220,GA
30222,GA
30223,GA
30224,GA
30228,GA
30230,GA
30233,GA
30234,GA
30236,GA
30238,GA
30240,GA
30241,GA
30248,GA
30251,GA
30252,GA
30253,GA
30256,GA
30257,GA
30258,GA
30259,GA
30260,GA
30263,GA
30265,GA
30268,GA
30269,GA
30273,GA
30274,GA
30276,GA
30277,GA
30281,GA
30285,GA
30286,GA
30288,GA
30290,GA
30291,GA
30292,GA
30293,GA
30294,GA
30295,GA
30296,GA
30297,GA
30303,GA
30304,GA
30305,GA
30306,GA
30307,GA
30308,GA
30309,GA
30310,GA
30311,GA
30312,GA
30313,GA
30314,GA
30315,GA
30316,GA
30317,GA
30318,GA
30319,GA
30324,GA
30326,GA
30327,GA
30328,GA
30329,GA
30331,GA
30334,GA
30336,GA
30337,GA
30338,GA
30339,GA
30340,GA
30341,GA
30342,GA
30344,GA
30345,GA
30346,GA
30347,GA
30349,GA
30350,GA
30354,GA
30360,GA
30361,GA
30363,GA
30369,GA
30376,GA
30379,GA
30401,GA
30410,GA
30411,GA
30413,GA
30415,GA
30417,GA
30420,GA
30421,GA
30425,GA
30426,GA
30427,GA
30428,GA
30434,GA
30436,GA
30439,GA
30441,GA
30442,GA
30445,GA
30446,GA
30450,GA
30452,GA
30453,GA
30454,GA
30455,GA
30456,GA
30457,GA
30458,GA
30461,GA
30467,GA
30470,GA
30471,GA
30473,GA
30474,GA
30477,GA
30501,GA
30504,GA
30506,GA
30507,GA
30510,GA
30511,GA
30512,GA
30513,GA
30516,GA
30517,GA
30518,GA
30519,GA
30520,GA
30521,GA
30522,GA
30523,GA
30525,GA
30527,GA
30528,GA
30529,GA
30530,GA
30531,GA
30533,GA
30534,GA
30535,GA
30536,GA
30537,GA
30538,GA
30539,GA
30540,GA
30541,GA
30542,GA
30543,GA
30545,GA
30546,GA
30547,GA
30548,GA
30549,GA
30552,GA
30553,GA
30554,GA
30555,GA
30557,GA
30558,GA
30559,GA
30560,GA
30563,GA
30564,GA
30565,GA
30566,GA
30567,GA
30568,GA
30571,GA
30572,GA
30575,GA
30576,GA
30577,GA
30582,GA
30601,GA
30605,GA
30606,GA
30607,GA
30619,GA
30620,GA
30621,GA
30622,GA
30624,GA
30625,GA
30627,GA
30628,GA
30629,GA
30630,GA
30631,GA
30633,GA
30634,GA
30635,GA
30641,GA
30642,GA
30643,GA
30646,GA
30648,GA
30650,GA
30655,GA
30656,GA
30660,GA
30662,GA
30663,GA
30666,GA
30667,GA
30668,GA
30669,GA
30673,GA
30677,GA
30678,GA
30680,GA
30683,GA
30701,GA
30705,GA
30707,GA
30708,GA
30710,GA
30711,GA
30720,GA
30721,GA
30725,GA
30728,GA
30730,GA
30731,GA
30733,GA
30734,GA
30735,GA
30736,GA
30738,GA
30739,GA
30740,GA
30741,GA
30742,GA
30746,GA
30747,GA
30750,GA
30752,GA
30753,GA
30755,GA
30757,GA
30802,GA
30803,GA
30805,GA
30808,GA
30809,GA
30810,GA
30813,GA
30814,GA
30815,GA
30816,GA
30817,GA
30818,GA
30820,GA
30821,GA
30822,GA
30823,GA
30824,GA
30828,GA
30830,GA
30833,GA
30901,GA
30904,GA
30905,GA
30906,GA
30907,GA
30909,GA
30911,GA
30912,GA
30913,GA
31001,GA
31002,GA
31005,GA
31006,GA
31007,GA
31008,GA
31009,GA
31011,GA
31012,GA
31014,GA
31015,GA
31016,GA
31017,GA
31018,GA
31019,GA
31020,GA
31021,GA
31022,GA
31023,GA
31024,GA
31025,GA
31027,GA
31028,GA
31029,GA
31030,GA
31031,GA
31032,GA
31033,GA
31035,GA
31036,GA
31037,GA
31038,GA
31041,GA
31042,GA
31044,GA
31045,GA
31046,GA
31047,GA
31049,GA
31050,GA
31052,GA
31054,GA
31055,GA
31057,GA
31058,GA
31060,GA
31061,GA
31063,GA
31064,GA
31065,GA
31066,GA
31068,GA
31069,GA
31070,GA
31071,GA
31072,GA
31075,GA
31076,GA
31077,GA
31078,GA
31079,GA
31081,GA
31082,GA
31085,GA
31087,GA
31088,GA
31089,GA
31090,GA
31091,GA
31092,GA
31093,GA
31094,GA
31096,GA
31097,GA
31098,GA
31120,GA
31201,GA
31204,GA
31206,GA
31210,GA
31211,GA
31216,GA
31217,GA
31220,GA
31301,GA
31302,GA
31303,GA
31305,GA
31308,GA
31309,GA
31312,GA
31313,GA
31314,GA
31315,GA
31316,GA
31320,GA
31321,GA
31322,GA
31323,GA
31324,GA
31326,GA
31328,GA
31329,GA
31331,GA
31401,GA
31404,GA
31405,GA
31406,GA
31407,GA
31408,GA
31410,GA
31411,GA
31415,GA
31419,GA
31421,GA
31501,GA
31503,GA
31510,GA
31512,GA
31513,GA
31516,GA
31518,GA
31519,GA
31520,GA
31522,GA
31523,GA
31525,GA
31527,GA
31532,GA
31533,GA
31535,GA
31537,GA
31539,GA
31542,GA
31543,GA
31544,GA
31545,GA
31546,GA
31547,GA
31548,GA
31549,GA
31550,GA
31551,GA
31552,GA
31553,GA
31554,GA
31555,GA
31557,GA
31558,GA
31560,GA
31562,GA
31563,GA
31565,GA
31566,GA
31567,GA
31568,GA
31569,GA
31601,GA
31602,GA
31605,GA
31606,GA
31620,GA
31622,GA
31624,GA
31625,GA
31626,GA
31629,GA
31630,GA
31631,GA
31632,GA
31634,GA
31635,GA
31636,GA
31637,GA
31638,GA
31639,GA
31641,GA
31642,GA
31643,GA
31645,GA
31647,GA
31648,GA
31649,GA
31650,GA
31701,GA
31705,GA
31707,GA
31709,GA
31711,GA
31712,GA
31714,GA
31716,GA
31719,GA
31721,GA
31730,GA
31733,GA
31735,GA
31738,GA
31743,GA
31744,GA
31749,GA
31750,GA
31756,GA
31757,GA
31763,GA
31764,GA
31765,GA
31768,GA
31771,GA
31772,GA
31773,GA
31774,GA
31775,GA
31778,GA
31779,GA
31780,GA
31781,GA
31783,GA
31784,GA
31787,GA
31788,GA
31789,GA
31790,GA
31791,GA
31792,GA
31793,GA
31794,GA
31795,GA
31796,GA
31798,GA
31801,GA
31803,GA
31804,GA
31805,GA
31806,GA
31807,GA
31808,GA
31811,GA
31812,GA
31815,GA
31816,GA
31820,GA
31821,GA
31822,GA
31823,GA
31824,GA
31825,GA
31826,GA
31827,GA
31829,GA
31830,GA
31831,GA
31832,GA
31833,GA
31836,GA
31901,GA
31903,GA
31904,GA
31905,GA
31906,GA
31907,GA
31909,GA
39813,GA
39815,GA
39817,GA
39819,GA
39823,GA
39824,GA
39825,GA
39826,GA
39827,GA
39828,GA
39834,GA
39836,GA
39837,GA
39840,GA
39841,GA
39842,GA
39845,GA
39846,GA
39851,GA
39854,GA
39859,GA
39861,GA
39862,GA
39866,GA
39867,GA
39870,GA
39877,GA
39886,GA
39897,GA